pos_x,pos_y,pos_z,tar_x,tar_y,tar_z,time
20.788148880004883,-10.842560768127441,14.980927467346191,3.0,5.0,17.0,8.01649022102356
20.78535270690918,-10.84170150756836,14.984498023986816,3.0,5.0,17.0,8.245022058486938
20.749156951904297,-10.817669868469238,15.025392532348633,3.0,5.0,17.0,8.499876260757446
20.649883270263672,-10.749773979187012,15.101901054382324,3.0,5.0,17.0,8.709007024765015
20.39763069152832,-10.57551383972168,15.260805130004883,3.0,5.0,17.0,8.963984727859497
20.006881713867188,-10.305784225463867,15.49081039428711,3.0,5.0,17.0,9.212624788284302
19.48627471923828,-9.946606636047363,15.775456428527832,3.0,5.0,17.0,9.469302415847778
18.848112106323242,-9.506181716918945,16.05950164794922,3.0,5.0,17.0,9.729178190231323
18.108158111572266,-8.990678787231445,16.298107147216797,3.0,5.0,17.0,9.969765186309814
17.26304054260254,-8.388853073120117,16.477807998657227,3.0,5.0,17.0,10.202475309371948
16.311614990234375,-7.686074733734131,16.600780487060547,3.0,5.0,17.0,10.457930564880371
15.474739074707031,-7.0418195724487305,16.667539596557617,3.0,5.0,17.0,10.671767711639404
14.340003967285156,-6.121606349945068,16.72480010986328,3.0,5.0,17.0,10.921027183532715
13.115345001220703,-5.064189910888672,16.76471519470215,3.0,5.0,17.0,11.1582190990448
11.810003280639648,-3.875502109527588,16.796659469604492,3.0,5.0,17.0,11.403326272964478
10.712925910949707,-2.839566230773926,16.821727752685547,3.0,5.0,17.0,11.627187252044678
9.310503005981445,-1.4792969226837158,16.854873657226562,3.0,5.0,17.0,11.846218824386597
8.211963653564453,-0.3901011347770691,16.879751205444336,3.0,5.0,17.0,12.056411266326904
7.153634548187256,0.6749345064163208,16.900623321533203,3.0,5.0,17.0,12.25799036026001
5.917237281799316,1.9331276416778564,16.91874885559082,3.0,5.0,17.0,12.50722360610962
5.004486083984375,2.872551202774048,16.9278621673584,3.0,5.0,17.0,12.713561773300171
3.9563446044921875,3.966022253036499,16.93619155883789,3.0,5.0,17.0,12.944476127624512
3.1919851303100586,4.776627540588379,16.94215965270996,3.0,5.0,17.0,13.163429737091064
2.4980978965759277,5.52632999420166,16.948152542114258,3.0,5.0,17.0,13.365225553512573
1.8728400468826294,6.220660209655762,16.954435348510742,3.0,5.0,17.0,13.568666934967041
1.1856271028518677,6.997213840484619,16.96291732788086,3.0,5.0,17.0,13.79488229751587
0.714366614818573,7.5357489585876465,16.969717025756836,3.0,5.0,17.0,14.005884885787964
0.31693392992019653,7.995695114135742,16.976177215576172,3.0,5.0,17.0,14.22081184387207
-0.07744474709033966,8.458909034729004,16.983686447143555,3.0,5.0,17.0,14.450732707977295
-0.3101859390735626,8.736602783203125,16.988996505737305,3.0,5.0,17.0,14.673335552215576
-0.49769213795661926,8.963726997375488,16.994239807128906,3.0,5.0,17.0,14.911767482757568
-0.5648643970489502,9.047876358032227,16.997291564941406,3.0,5.0,17.0,15.114303827285767
-0.5585116744041443,9.04455280303955,16.999269485473633,3.0,5.0,17.0,15.318625926971436
-0.4478995203971863,8.918665885925293,17.00054931640625,3.0,5.0,17.0,15.556469202041626
-0.22374758124351501,8.65928840637207,17.001020431518555,3.0,5.0,17.0,15.802115678787231
0.03553188964724541,8.357605934143066,17.00131607055664,-1.0,12.0,16.0,16.00594687461853
0.34645694494247437,7.996598243713379,17.000093460083008,-1.0,12.0,16.0,16.206990718841553
0.7638693451881409,7.509061336517334,16.96488380432129,-1.0,12.0,16.0,16.454195499420166
1.1605134010314941,7.034832954406738,16.865816116333008,-1.0,12.0,16.0,16.72015357017517
1.42985200881958,6.7025532722473145,16.746767044067383,-1.0,12.0,16.0,16.922996520996094
1.677007794380188,6.397209167480469,16.585412979125977,-1.0,12.0,16.0,17.144798040390015
1.802606225013733,6.254819869995117,16.46803855895996,-1.0,12.0,16.0,17.34832763671875
1.8680309057235718,6.20413064956665,16.370569229125977,-1.0,12.0,16.0,17.572659254074097
1.8739759922027588,6.268223285675049,16.27727699279785,-1.0,12.0,16.0,17.798471927642822
1.7988777160644531,6.474217414855957,16.213563919067383,-1.0,12.0,16.0,18.05726146697998
1.683653473854065,6.737384796142578,16.17936897277832,-1.0,12.0,16.0,18.25874400138855
1.521122694015503,7.086764812469482,16.15522003173828,-1.0,12.0,16.0,18.465747594833374
1.2575137615203857,7.633835315704346,16.134376525878906,-1.0,12.0,16.0,18.707722187042236
1.0173101425170898,8.123892784118652,16.121492385864258,-1.0,12.0,16.0,18.92058300971985
0.7108146548271179,8.741758346557617,16.105575561523438,-1.0,12.0,16.0,19.17022442817688
0.4219185709953308,9.317208290100098,16.088266372680664,-1.0,12.0,16.0,19.417632341384888
0.21071387827396393,9.732562065124512,16.074251174926758,-1.0,12.0,16.0,19.619662761688232
-0.02758123353123665,10.19536304473877,16.05813980102539,-1.0,12.0,16.0,19.878592252731323
-0.23723110556602478,10.598038673400879,16.044715881347656,-1.0,12.0,16.0,20.119496822357178
-0.4162217378616333,10.938776969909668,16.03434181213379,-1.0,12.0,16.0,20.348224639892578
-0.538679838180542,11.171037673950195,16.02800178527832,-1.0,12.0,16.0,20.565655946731567
-0.6445692181587219,11.370829582214355,16.022905349731445,-1.0,12.0,16.0,20.76909375190735
-0.7353430390357971,11.54098129272461,16.0187931060791,-1.0,12.0,16.0,20.97342014312744
-0.812137246131897,11.683839797973633,16.01553726196289,-1.0,12.0,16.0,21.17567229270935
-0.8895278573036194,11.82720947265625,16.012340545654297,-1.0,12.0,16.0,21.422151803970337
-0.9486665725708008,11.935431480407715,16.00977325439453,-1.0,12.0,16.0,21.658241748809814
-0.9844275712966919,11.999659538269043,16.0079402923584,-1.0,12.0,16.0,21.861051559448242
-1.0109853744506836,12.046297073364258,16.006309509277344,-1.0,12.0,16.0,22.062335968017578
-1.033483624458313,12.083841323852539,16.004581451416016,-1.0,12.0,16.0,22.318994760513306
-1.0449421405792236,12.102073669433594,16.00315284729004,-1.0,12.0,16.0,22.551140308380127
-1.0482138395309448,12.106093406677246,16.00217628479004,-1.0,12.0,16.0,22.77276062965393
-1.047006607055664,12.101312637329102,16.00105857849121,-1.0,12.0,16.0,23.01966142654419
-1.0420429706573486,12.088780403137207,16.000307083129883,-1.0,12.0,16.0,23.276050567626953
-1.034550428390503,12.071493148803711,15.999944686889648,-1.0,12.0,16.0,23.5189368724823
-1.027034044265747,12.056168556213379,15.999807357788086,-1.0,12.0,16.0,23.721036195755005
-1.019532322883606,12.040987014770508,15.999814987182617,-1.0,12.0,16.0,23.922749042510986
-1.0122896432876587,12.026150703430176,16.00008773803711,11.0,6.0,18.0,24.124599933624268
-0.992119550704956,12.003133773803711,16.017215728759766,11.0,6.0,18.0,24.36629629135132
-0.9287160634994507,11.961813926696777,16.068532943725586,11.0,6.0,18.0,24.566861152648926
-0.7279484868049622,11.85134506225586,16.191789627075195,11.0,6.0,18.0,24.82201862335205
-0.4535907506942749,11.707632064819336,16.342382431030273,11.0,6.0,18.0,25.02271604537964
0.0238566305488348,11.463061332702637,16.593355178833008,11.0,6.0,18.0,25.258634567260742
0.5024582147598267,11.220702171325684,16.823816299438477,11.0,6.0,18.0,25.46691584587097
1.208553671836853,10.866312980651855,17.098676681518555,11.0,6.0,18.0,25.725263595581055
1.8557630777359009,10.543464660644531,17.2850284576416,11.0,6.0,18.0,25.926605463027954
2.583880662918091,10.1813325881958,17.434560775756836,11.0,6.0,18.0,26.130654335021973
3.612257480621338,9.671725273132324,17.57196617126465,11.0,6.0,18.0,26.351693868637085
4.496794700622559,9.234963417053223,17.649410247802734,11.0,6.0,18.0,26.552708864212036
5.40576696395874,8.787091255187988,17.70484161376953,11.0,6.0,18.0,26.768828630447388
6.52218770980835,8.237276077270508,17.751523971557617,11.0,6.0,18.0,27.0188045501709
7.35523796081543,7.825734615325928,17.77676773071289,11.0,6.0,18.0,27.22522807121277
8.279510498046875,7.365123271942139,17.801376342773438,11.0,6.0,18.0,27.451908826828003
8.920345306396484,7.041881084442139,17.820276260375977,11.0,6.0,18.0,27.66236114501953
9.475814819335938,6.7585954666137695,17.83989143371582,11.0,6.0,18.0,27.86469054222107
9.945361137390137,6.516029357910156,17.860464096069336,11.0,6.0,18.0,28.06890630722046
10.332392692565918,6.313145160675049,17.881484985351562,11.0,6.0,18.0,28.272489070892334
10.641947746276855,6.148503303527832,17.901968002319336,11.0,6.0,18.0,28.475868225097656
10.926401138305664,5.995156288146973,17.925085067749023,11.0,6.0,18.0,28.70188021659851
11.089351654052734,5.906075477600098,17.940683364868164,11.0,6.0,18.0,28.928621292114258
11.22675895690918,5.830027103424072,17.956457138061523,11.0,6.0,18.0,29.159493684768677
11.293649673461914,5.793659687042236,17.96602439880371,11.0,6.0,18.0,29.362256050109863
11.336341857910156,5.772299766540527,17.974708557128906,11.0,6.0,18.0,29.631382942199707
11.343079566955566,5.773738384246826,17.980823516845703,11.0,6.0,18.0,29.86086344718933
11.329751968383789,5.78703498840332,17.984397888183594,11.0,6.0,18.0,30.077667236328125
11.295775413513184,5.813218116760254,17.98769187927246,11.0,6.0,18.0,30.302184104919434
11.259782791137695,5.838785171508789,17.990026473999023,11.0,6.0,18.0,30.52026057243347
11.20906925201416,5.874293327331543,17.992610931396484,11.0,6.0,18.0,30.769702434539795
11.16685676574707,5.902942180633545,17.994258880615234,11.0,6.0,18.0,31.002497673034668
11.11501407623291,5.937604904174805,17.996074676513672,11.0,6.0,18.0,31.205544233322144
11.076257705688477,5.963646411895752,17.997377395629883,11.0,6.0,18.0,31.428377389907837
11.033530235290527,5.993107795715332,17.99872589111328,11.0,6.0,18.0,31.66884446144104
10.997926712036133,6.017304420471191,17.99970817565918,11.0,6.0,18.0,31.92586064338684
10.974650382995605,6.032715320587158,18.00019073486328,0.0,0.0,15.0,32.134257316589355
10.942245483398438,6.042294502258301,17.985872268676758,0.0,0.0,15.0,32.36664438247681
10.881983757019043,6.02610445022583,17.935945510864258,0.0,0.0,15.0,32.572341203689575
10.755827903747559,5.970473289489746,17.843753814697266,0.0,0.0,15.0,32.773192405700684
10.478983879089355,5.833166122436523,17.666305541992188,0.0,0.0,15.0,33.01746964454651
10.159306526184082,5.666141033172607,17.473905563354492,0.0,0.0,15.0,33.21872162818909
9.754281044006348,5.448996543884277,17.23771858215332,0.0,0.0,15.0,33.422731161117554
9.263672828674316,5.1812920570373535,16.959442138671875,0.0,0.0,15.0,33.625243186950684
8.52662181854248,4.774004936218262,16.57232093811035,0.0,0.0,15.0,33.878071308135986
7.637099742889404,4.277776718139648,16.20387077331543,0.0,0.0,15.0,34.10928702354431
6.608631610870361,3.7007358074188232,15.901659965515137,0.0,0.0,15.0,34.37962818145752
5.497097492218018,3.0750904083251953,15.674161911010742,0.0,0.0,15.0,34.6069700717926
4.6080522537231445,2.574817180633545,15.542139053344727,0.0,0.0,15.0,34.834529399871826
3.5647482872009277,1.9883826971054077,15.42318344116211,0.0,0.0,15.0,35.07610249519348
2.640218734741211,1.4714441299438477,15.340524673461914,0.0,0.0,15.0,35.30489540100098
1.9979668855667114,1.114549160003662,15.29304027557373,0.0,0.0,15.0,35.50917625427246
1.4391040802001953,0.8058949708938599,15.256807327270508,0.0,0.0,15.0,35.7226197719574
0.8551169037818909,0.4869515895843506,15.220431327819824,0.0,0.0,15.0,35.979060649871826
0.3988531231880188,0.2404317408800125,15.189300537109375,0.0,0.0,15.0,36.234153032302856
0.06494064629077911,0.06221934035420418,15.160550117492676,0.0,0.0,15.0,36.47526669502258
-0.1683170348405838,-0.06054159253835678,15.132930755615234,0.0,0.0,15.0,36.70599818229675
-0.29346486926078796,-0.12563656270503998,15.112123489379883,0.0,0.0,15.0,36.92026400566101
-0.38643938302993774,-0.17375174164772034,15.088839530944824,0.0,0.0,15.0,37.17234683036804
-0.4208641052246094,-0.19174030423164368,15.072575569152832,0.0,0.0,15.0,37.38272404670715
-0.42620593309402466,-0.19594840705394745,15.055549621582031,0.0,0.0,15.0,37.62761569023132
-0.4006548225879669,-0.1857977956533432,15.042062759399414,0.0,0.0,15.0,37.85728406906128
-0.3645555078983307,-0.17064890265464783,15.03369140625,0.0,0.0,15.0,38.08347415924072
-0.3074464201927185,-0.14651396870613098,15.025642395019531,0.0,0.0,15.0,38.316301107406616
-0.25662800669670105,-0.12436895072460175,15.020918846130371,0.0,0.0,15.0,38.52096152305603
-0.1912216693162918,-0.0959913432598114,15.016386032104492,0.0,0.0,15.0,38.76775813102722
-0.12676621973514557,-0.06809244304895401,15.01290225982666,0.0,0.0,15.0,39.00886273384094
-0.07970763742923737,-0.04698827862739563,15.010699272155762,0.0,0.0,15.0,39.210822105407715
-0.03737703338265419,-0.027816923335194588,15.008890151977539,0.0,0.0,15.0,39.412795543670654
0.007640074472874403,-0.006877995561808348,15.00688362121582,0.0,0.0,15.0,39.66782188415527
0.04305802285671234,0.010444387793540955,15.005263328552246,0.0,0.0,15.0,39.93194913864136
0.06498407572507858,0.021273646503686905,15.004376411437988,3.0,5.0,17.0,40.13553762435913
0.09185727685689926,0.042883943766355515,15.021859169006348,3.0,5.0,17.0,40.35637617111206
0.13589923083782196,0.10435966402292252,15.074244499206543,3.0,5.0,17.0,40.558369636535645
0.22552412748336792,0.2471558153629303,15.168440818786621,3.0,5.0,17.0,40.77732181549072
0.4165111780166626,0.5639001131057739,15.35169792175293,3.0,5.0,17.0,41.02861762046814
0.6257206797599792,0.9176215529441833,15.548334121704102,3.0,5.0,17.0,41.23012113571167
0.9370967149734497,1.449797511100769,15.836947441101074,3.0,5.0,17.0,41.465566635131836
1.1978864669799805,1.8986892700195312,16.062681198120117,3.0,5.0,17.0,41.669682025909424
1.449828028678894,2.334054946899414,16.259323120117188,3.0,5.0,17.0,41.879400968551636
1.7386105060577393,2.83414363861084,16.45008659362793,3.0,5.0,17.0,42.13530111312866
1.9926296472549438,3.2728705406188965,16.582534790039062,3.0,5.0,17.0,42.36433506011963
2.1696295738220215,3.5755152702331543,16.65420150756836,3.0,5.0,17.0,42.59228157997131
2.361947774887085,3.899660587310791,16.714824676513672,3.0,5.0,17.0,42.8107054233551
2.493053436279297,4.11756706237793,16.749021530151367,3.0,5.0,17.0,43.01827836036682
2.605431318283081,4.30143928527832,16.77645492553711,3.0,5.0,17.0,43.23168754577637
2.7225992679595947,4.489912986755371,16.806943893432617,3.0,5.0,17.0,43.460294008255005
2.800259828567505,4.613302230834961,16.830059051513672,3.0,5.0,17.0,43.683257818222046
2.8649611473083496,4.71600866317749,16.852645874023438,3.0,5.0,17.0,43.88521480560303
2.9298057556152344,4.820110321044922,16.879608154296875,3.0,5.0,17.0,44.12195324897766
2.970259428024292,4.886843681335449,16.899066925048828,3.0,5.0,17.0,44.32356667518616
3.0016257762908936,4.9414381980896,16.916311264038086,3.0,5.0,17.0,44.526389837265015
3.0297932624816895,4.9940924644470215,16.93465232849121,3.0,5.0,17.0,44.77176856994629
3.0450334548950195,5.024500370025635,16.946672439575195,3.0,5.0,17.0,44.97279763221741
3.0557868480682373,5.050441265106201,16.9587345123291,3.0,5.0,17.0,45.2211971282959
3.058231830596924,5.064442157745361,16.967771530151367,3.0,5.0,17.0,45.469847202301025
3.0551159381866455,5.069428443908691,16.97455406188965,3.0,5.0,17.0,45.71958780288696
3.048644781112671,5.068304538726807,16.979896545410156,3.0,5.0,17.0,45.9935405254364
3.040883779525757,5.062637805938721,16.984140396118164,3.0,5.0,17.0,46.227320432662964
3.0316102504730225,5.053501129150391,16.987815856933594,3.0,5.0,17.0,46.48585319519043
3.021688938140869,5.042769432067871,16.990764617919922,3.0,5.0,17.0,46.70969200134277
3.0120160579681396,5.032382965087891,16.993188858032227,3.0,5.0,17.0,46.9700710773468
3.0035080909729004,5.0222954750061035,16.995145797729492,3.0,5.0,17.0,47.22093486785889
2.9959018230438232,5.012940406799316,16.996599197387695,3.0,5.0,17.0,47.472522020339966
2.9892966747283936,5.005016803741455,16.997560501098633,3.0,5.0,17.0,47.72031569480896
2.9850337505340576,4.999607086181641,16.9980411529541,3.0,5.0,17.0,47.92195439338684
2.9814720153808594,4.9954423904418945,16.99830436706543,-1.0,12.0,16.0,48.135475397109985
2.972308397293091,5.001934051513672,16.981184005737305,-1.0,12.0,16.0,48.38247561454773
2.9305026531219482,5.069494247436523,16.90850830078125,-1.0,12.0,16.0,48.61850833892822
2.8497209548950195,5.206818103790283,16.805646896362305,-1.0,12.0,16.0,48.830564737319946
2.673408269882202,5.5102643966674805,16.648527145385742,-1.0,12.0,16.0,49.07813882827759
2.4087886810302734,5.968500137329102,16.495573043823242,-1.0,12.0,16.0,49.33112692832947
2.062253713607788,6.571212291717529,16.369070053100586,-1.0,12.0,16.0,49.59018588066101
1.6482694149017334,7.292818546295166,16.275821685791016,-1.0,12.0,16.0,49.83098554611206
1.2080119848251343,8.062280654907227,16.211917877197266,-1.0,12.0,16.0,50.08177638053894
0.8668224215507507,8.660516738891602,16.175243377685547,-1.0,12.0,16.0,50.28369212150574
0.481663316488266,9.338754653930664,16.141220092773438,-1.0,12.0,16.0,50.53491258621216
0.15121997892856598,9.925810813903809,16.116790771484375,-1.0,12.0,16.0,50.78285527229309
-0.07350458949804306,10.329740524291992,16.101909637451172,-1.0,12.0,16.0,50.98423361778259
-0.31089720129966736,10.763187408447266,16.086565017700195,-1.0,12.0,16.0,51.23346924781799
-0.5048045516014099,11.12331771850586,16.073366165161133,-1.0,12.0,16.0,51.48442816734314
-0.6584672331809998,11.412349700927734,16.061594009399414,-1.0,12.0,16.0,51.737473249435425
-0.7784156203269958,11.641895294189453,16.050857543945312,-1.0,12.0,16.0,51.96795678138733
-0.8692313432693481,11.81860637664795,16.041231155395508,-1.0,12.0,16.0,52.24658751487732
-0.9365254640579224,11.949041366577148,16.03287124633789,-1.0,12.0,16.0,52.48956537246704
-0.9847497940063477,12.040258407592773,16.025930404663086,-1.0,12.0,16.0,52.7213294506073
-1.011508584022522,12.088945388793945,16.021461486816406,-1.0,12.0,16.0,52.92896366119385
-1.0337116718292236,12.124242782592773,16.016828536987305,-1.0,12.0,16.0,53.1750705242157
-1.0451295375823975,12.137669563293457,16.01310920715332,-1.0,12.0,16.0,53.42336344718933
-1.0493654012680054,12.134134292602539,16.010046005249023,-1.0,12.0,16.0,53.671305894851685
-1.0483837127685547,12.122838020324707,16.00798988342285,-1.0,12.0,16.0,53.8883171081543
-1.043804407119751,12.102831840515137,16.0059757232666,-1.0,12.0,16.0,54.122896909713745
-1.03793203830719,12.084505081176758,16.004724502563477,-1.0,12.0,16.0,54.327282190322876
-1.030553936958313,12.059602737426758,16.003591537475586,-1.0,12.0,16.0,54.578054904937744
-1.0232062339782715,12.034432411193848,16.002714157104492,-1.0,12.0,16.0,54.8375506401062
-1.0162684917449951,12.011709213256836,16.002056121826172,-1.0,12.0,16.0,55.08041739463806
-1.0101736783981323,11.991863250732422,16.00157356262207,-1.0,12.0,16.0,55.33962607383728
-1.0045318603515625,11.975432395935059,16.001230239868164,-1.0,12.0,16.0,55.58962082862854
-0.9986685514450073,11.962273597717285,16.001039505004883,-1.0,12.0,16.0,55.838536739349365
-0.993602454662323,11.95294189453125,16.000925064086914,11.0,6.0,18.0,56.082848072052
-0.9825664162635803,11.9440279006958,16.01174545288086,11.0,6.0,18.0,56.320597648620605
-0.9358258843421936,11.919534683227539,16.054506301879883,11.0,6.0,18.0,56.53682851791382
-0.7666298747062683,11.834233283996582,16.165504455566406,11.0,6.0,18.0,56.81001830101013
-0.4412139058113098,11.6731595993042,16.34780502319336,11.0,6.0,18.0,57.028340101242065
0.03159346804022789,11.439892768859863,16.59934425354004,11.0,6.0,18.0,57.28822660446167
0.6409711837768555,11.140275001525879,16.889698028564453,11.0,6.0,18.0,57.53821611404419
1.370133638381958,10.782651901245117,17.158355712890625,11.0,6.0,18.0,57.78761267662048
2.218311309814453,10.36878776550293,17.373714447021484,11.0,6.0,18.0,58.037415742874146
3.19140625,9.893458366394043,17.529863357543945,11.0,6.0,18.0,58.292898416519165
4.052842140197754,9.471561431884766,17.61934471130371,11.0,6.0,18.0,58.49562358856201
5.187388896942139,8.914682388305664,17.69803237915039,11.0,6.0,18.0,58.73848104476929
6.321207523345947,8.356389045715332,17.74994468688965,11.0,6.0,18.0,58.988126277923584
7.381968975067139,7.830638408660889,17.784378051757812,11.0,6.0,18.0,59.23951530456543
8.320037841796875,7.359649181365967,17.809900283813477,11.0,6.0,18.0,59.462661027908325
8.97353458404541,7.026157855987549,17.82903480529785,11.0,6.0,18.0,59.664177656173706
9.541402816772461,6.732045650482178,17.848600387573242,11.0,6.0,18.0,59.86918330192566
10.021696090698242,6.4797282218933105,17.868995666503906,11.0,6.0,18.0,60.0848650932312
10.502639770507812,6.2230682373046875,17.89432716369629,11.0,6.0,18.0,60.321160554885864
10.794729232788086,6.0644354820251465,17.913362503051758,11.0,6.0,18.0,60.54184365272522
11.05931282043457,5.918479919433594,17.934602737426758,11.0,6.0,18.0,60.786890745162964
11.234773635864258,5.820455551147461,17.951839447021484,11.0,6.0,18.0,61.02731370925903
11.323508262634277,5.7707953453063965,17.962461471557617,11.0,6.0,18.0,61.228827714920044
11.384317398071289,5.738064289093018,17.97219467163086,11.0,6.0,18.0,61.468859910964966
11.401517868041992,5.730562686920166,17.977741241455078,11.0,6.0,18.0,61.6917769908905
11.396812438964844,5.736541748046875,17.98200798034668,11.0,6.0,18.0,61.89849543571472
11.368700981140137,5.757852077484131,17.986045837402344,11.0,6.0,18.0,62.14014792442322
11.32371711730957,5.789397239685059,17.98906707763672,11.0,6.0,18.0,62.37195038795471
11.2808837890625,5.819675445556641,17.99102020263672,11.0,6.0,18.0,62.58484125137329
11.223252296447754,5.8607869148254395,17.99302864074707,11.0,6.0,18.0,62.820754528045654
11.165425300598145,5.902486324310303,17.994516372680664,11.0,6.0,18.0,63.08086061477661
11.110956192016602,5.942087173461914,17.995882034301758,11.0,6.0,18.0,63.335652351379395
11.061722755432129,5.97788667678833,17.997201919555664,11.0,6.0,18.0,63.58245921134949
11.02762508392334,6.002692222595215,17.998106002807617,11.0,6.0,18.0,63.787962436676025
10.991872787475586,6.027781963348389,17.998998641967773,0.0,0.0,15.0,64.03865790367126
10.960840225219727,6.0449724197387695,17.993253707885742,0.0,0.0,15.0,64.28608059883118
10.897128105163574,6.035795211791992,17.942893981933594,0.0,0.0,15.0,64.53833723068237
10.77931022644043,5.987638473510742,17.85617446899414,0.0,0.0,15.0,64.74170446395874
10.578023910522461,5.891223430633545,17.725566864013672,0.0,0.0,15.0,64.943519115448
10.203899383544922,5.699049472808838,17.499553680419922,0.0,0.0,15.0,65.2006413936615
9.698780059814453,5.428412437438965,17.206649780273438,0.0,0.0,15.0,65.43687057495117
9.198140144348145,5.154053211212158,16.924179077148438,0.0,0.0,15.0,65.65069532394409
8.446431159973145,4.735658168792725,16.533601760864258,0.0,0.0,15.0,65.88085436820984
7.735859394073486,4.337086200714111,16.235200881958008,0.0,0.0,15.0,66.08130979537964
6.934231281280518,3.8854706287384033,15.978018760681152,0.0,0.0,15.0,66.28580975532532
5.8407416343688965,3.2685599327087402,15.725095748901367,0.0,0.0,15.0,66.53426575660706
4.943615913391113,2.76204776763916,15.576654434204102,0.0,0.0,15.0,66.73559761047363
3.8562655448913574,2.1495394706726074,15.445516586303711,0.0,0.0,15.0,66.98669815063477
3.0549113750457764,1.6998062133789062,15.371573448181152,0.0,0.0,15.0,67.1981406211853
2.1719770431518555,1.2080237865447998,15.305584907531738,0.0,0.0,15.0,67.42438125610352
1.564156174659729,0.8735623955726624,15.267250061035156,0.0,0.0,15.0,67.63557004928589
1.0365054607391357,0.5859549641609192,15.236187934875488,0.0,0.0,15.0,67.83702874183655
0.48995834589004517,0.29082751274108887,15.202853202819824,0.0,0.0,15.0,68.06870484352112
0.15069502592086792,0.10929392278194427,15.17862606048584,0.0,0.0,15.0,68.271151304245
-0.10577844828367233,-0.026459533721208572,15.155555725097656,0.0,0.0,15.0,68.47296738624573
-0.2897566258907318,-0.12233306467533112,15.133574485778809,0.0,0.0,15.0,68.6931049823761
-0.4364183247089386,-0.1969713717699051,15.107919692993164,0.0,0.0,15.0,68.93861651420593
-0.5009196996688843,-0.2283181995153427,15.08930778503418,0.0,0.0,15.0,69.14433646202087
-0.5296014547348022,-0.24208825826644897,15.06896686553955,0.0,0.0,15.0,69.37568378448486
-0.5210394263267517,-0.23809503018856049,15.055419921875,0.0,0.0,15.0,69.59437489509583
-0.4818401336669922,-0.22029034793376923,15.041826248168945,0.0,0.0,15.0,69.8258409500122
-0.43500277400016785,-0.19914066791534424,15.03331184387207,0.0,0.0,15.0,70.0373969078064
-0.36428341269493103,-0.167325958609581,15.025276184082031,0.0,0.0,15.0,70.28308868408203
-0.3032103180885315,-0.14054444432258606,15.020561218261719,0.0,0.0,15.0,70.50428557395935
-0.2263881266117096,-0.1072138249874115,15.01608657836914,0.0,0.0,15.0,70.71914005279541
-0.16731935739517212,-0.08194182813167572,15.013385772705078,0.0,0.0,15.0,70.92607998847961
-0.11278927326202393,-0.05853337422013283,15.01114559173584,0.0,0.0,15.0,71.13613796234131
-0.052139416337013245,-0.03270547464489937,15.008871078491211,0.0,0.0,15.0,71.37202286720276
-0.010105405002832413,-0.015532176941633224,15.007467269897461,0.0,0.0,15.0,71.59483408927917
0.03373422846198082,0.002859800821170211,15.005931854248047,0.0,0.0,15.0,71.84185028076172
0.06735865026712418,0.017008990049362183,15.004459381103516,3.0,5.0,17.0,72.07637548446655
0.08879444748163223,0.028718920424580574,15.010113716125488,3.0,5.0,17.0,72.29428267478943
0.1321670114994049,0.08224162459373474,15.0591459274292,3.0,5.0,17.0,72.55141305923462
0.23808957636356354,0.24804916977882385,15.17151927947998,3.0,5.0,17.0,72.77923655509949
0.4295331537723541,0.5636526942253113,15.35477066040039,3.0,5.0,17.0,73.03932881355286
0.6994243264198303,1.0208584070205688,15.608613967895508,3.0,5.0,17.0,73.26934218406677
0.9516352415084839,1.454920768737793,15.843921661376953,3.0,5.0,17.0,73.47828793525696
1.2109031677246094,1.905265212059021,16.07073211669922,3.0,5.0,17.0,73.69187664985657
1.518911600112915,2.4433324337005615,16.30913543701172,3.0,5.0,17.0,73.9484703540802
1.799645185470581,2.932889938354492,16.48762321472168,3.0,5.0,17.0,74.1835663318634
2.0466127395629883,3.359400510787964,16.608617782592773,3.0,5.0,17.0,74.43468379974365
2.217836618423462,3.652252674102783,16.67276382446289,3.0,5.0,17.0,74.63681173324585
2.3672733306884766,3.9047932624816895,16.717592239379883,3.0,5.0,17.0,74.84347677230835
2.5262300968170166,4.168885707855225,16.757413864135742,3.0,5.0,17.0,75.07741856575012
2.6326076984405518,4.343319416046143,16.782886505126953,3.0,5.0,17.0,75.28579688072205
2.743330478668213,4.522747039794922,16.812191009521484,3.0,5.0,17.0,75.5425329208374
2.8332459926605225,4.666290283203125,16.840662002563477,3.0,5.0,17.0,75.79669857025146
2.904726266860962,4.780005931854248,16.868349075317383,3.0,5.0,17.0,76.05032324790955
2.960038661956787,4.870136737823486,16.89410972595215,3.0,5.0,17.0,76.29081439971924
2.993590831756592,4.9278764724731445,16.912296295166016,3.0,5.0,17.0,76.49737787246704
3.019289493560791,4.974206447601318,16.928104400634766,3.0,5.0,17.0,76.69933700561523
3.0415000915527344,5.01740026473999,16.944461822509766,3.0,5.0,17.0,76.92089223861694
3.0521907806396484,5.041746616363525,16.954898834228516,3.0,5.0,17.0,77.12463879585266
3.0571727752685547,5.057707786560059,16.96322250366211,3.0,5.0,17.0,77.34241318702698
3.057145357131958,5.0681376457214355,16.971296310424805,3.0,5.0,17.0,77.57570815086365
3.0528337955474854,5.070197105407715,16.97743034362793,3.0,5.0,17.0,77.82776212692261
3.0470943450927734,5.068094253540039,16.9813232421875,3.0,5.0,17.0,78.04416394233704
3.0385615825653076,5.061586856842041,16.98522186279297,3.0,5.0,17.0,78.297128200531
3.028658628463745,5.05167818069458,16.98859405517578,3.0,5.0,17.0,78.54009222984314
3.0187175273895264,5.040522575378418,16.9913272857666,3.0,5.0,17.0,78.78838849067688
3.0112006664276123,5.031991004943848,16.99315071105957,3.0,5.0,17.0,78.98966002464294
3.0042171478271484,5.023919582366943,16.994770050048828,3.0,5.0,17.0,79.19365668296814
2.996694803237915,5.014298439025879,16.996261596679688,3.0,5.0,17.0,79.44262671470642
2.991326332092285,5.007564067840576,16.99712371826172,3.0,5.0,17.0,79.6457769870758
2.9856762886047363,5.000513076782227,16.997800827026367,3.0,5.0,17.0,79.87649297714233
2.981924057006836,4.996045112609863,16.998302459716797,-1.0,12.0,16.0,80.0821943283081
2.974752902984619,4.998149871826172,16.98747444152832,-1.0,12.0,16.0,80.33783173561096
2.940584659576416,5.051497459411621,16.92493438720703,-1.0,12.0,16.0,80.59268546104431
2.843703031539917,5.216068267822266,16.800357818603516,-1.0,12.0,16.0,80.85065293312073
2.6631014347076416,5.526391506195068,16.643613815307617,-1.0,12.0,16.0,81.08540678024292
2.395397663116455,5.989414691925049,16.49244499206543,-1.0,12.0,16.0,81.33414363861084
2.121279239654541,6.464568138122559,16.389678955078125,-1.0,12.0,16.0,81.54755210876465
1.7165710926055908,7.167307376861572,16.29147720336914,-1.0,12.0,16.0,81.79938530921936
1.2797341346740723,7.927228927612305,16.223651885986328,-1.0,12.0,16.0,82.0342481136322
0.8558993339538574,8.669282913208008,16.17693519592285,-1.0,12.0,16.0,82.28566098213196
0.5465821027755737,9.215019226074219,16.149215698242188,-1.0,12.0,16.0,82.50066423416138
0.20678992569446564,9.820266723632812,16.12264060974121,-1.0,12.0,16.0,82.75136184692383
-0.07618458569049835,10.33223819732666,16.102689743041992,-1.0,12.0,16.0,82.99840211868286
-0.3095032572746277,10.762263298034668,16.086793899536133,-1.0,12.0,16.0,83.2497353553772
-0.49901288747787476,11.117305755615234,16.0731258392334,-1.0,12.0,16.0,83.4895076751709
-0.6227967143058777,11.35325813293457,16.06334114074707,-1.0,12.0,16.0,83.69172191619873
-0.7477489709854126,11.593743324279785,16.05217742919922,-1.0,12.0,16.0,83.95341038703918
-0.8434830904006958,11.78010082244873,16.042343139648438,-1.0,12.0,16.0,84.1888108253479
-0.9026546478271484,11.895959854125977,16.035432815551758,-1.0,12.0,16.0,84.39317893981934
-0.949425458908081,11.985590934753418,16.02941131591797,-1.0,12.0,16.0,84.59401226043701
-0.985469400882721,12.05082893371582,16.024295806884766,-1.0,12.0,16.0,84.79605150222778
-1.0167335271835327,12.103379249572754,16.019121170043945,-1.0,12.0,16.0,85.03329944610596
-1.036257266998291,12.130541801452637,16.014991760253906,-1.0,12.0,16.0,85.29293894767761
-1.0465772151947021,12.138115882873535,16.011667251586914,-1.0,12.0,16.0,85.54754853248596
-1.0495883226394653,12.130592346191406,16.009057998657227,-1.0,12.0,16.0,85.78174781799316
-1.0465549230575562,12.113454818725586,16.006855010986328,-1.0,12.0,16.0,86.0331711769104
-1.040661096572876,12.091707229614258,16.005067825317383,-1.0,12.0,16.0,86.29818964004517
-1.0331708192825317,12.067145347595215,16.003707885742188,-1.0,12.0,16.0,86.54692125320435
-1.0248934030532837,12.041430473327637,16.002809524536133,-1.0,12.0,16.0,86.79808068275452
-1.0172985792160034,12.017472267150879,16.00227165222168,-1.0,12.0,16.0,87.04380202293396
-1.0108262300491333,11.997061729431152,16.001802444458008,-1.0,12.0,16.0,87.28187894821167
-1.005642294883728,11.980093002319336,16.001371383666992,-1.0,12.0,16.0,87.55298113822937
-1.0010144710540771,11.96687126159668,16.001056671142578,-1.0,12.0,16.0,87.78717732429504
-0.9976305365562439,11.958834648132324,16.000856399536133,-1.0,12.0,16.0,87.98951435089111
-0.9917744398117065,11.950785636901855,16.00333595275879,11.0,6.0,18.0,88.24532318115234
-0.9548559784889221,11.92953109741211,16.04073715209961,11.0,6.0,18.0,88.50449562072754
-0.8127157688140869,11.856804847717285,16.139888763427734,11.0,6.0,18.0,88.75236582756042
-0.5136666893959045,11.707605361938477,16.310745239257812,11.0,6.0,18.0,89.00231909751892
-0.0636933296918869,11.485244750976562,16.55012321472168,11.0,6.0,18.0,89.2381637096405
0.5233486294746399,11.196954727172852,16.834413528442383,11.0,6.0,18.0,89.49357271194458
1.2307687997817993,10.850513458251953,17.105228424072266,11.0,6.0,18.0,89.75215744972229
2.055154323577881,10.447921752929688,17.329578399658203,11.0,6.0,18.0,89.99065661430359
3.0018839836120605,9.984662055969238,17.496841430664062,11.0,6.0,18.0,90.23835682868958
3.8420209884643555,9.572338104248047,17.59321403503418,11.0,6.0,18.0,90.44149112701416
4.9681220054626465,9.018750190734863,17.67977523803711,11.0,6.0,18.0,90.69351649284363
5.888213157653809,8.565411567687988,17.728412628173828,11.0,6.0,18.0,90.89586114883423
6.99778938293457,8.017134666442871,17.770597457885742,11.0,6.0,18.0,91.13072061538696
7.809490203857422,7.613047122955322,17.794397354125977,11.0,6.0,18.0,91.34840512275696
8.702840805053711,7.162786960601807,17.819150924682617,11.0,6.0,18.0,91.57709336280823
9.3186674118042,6.8476738929748535,17.83852195739746,11.0,6.0,18.0,91.79279971122742
9.849773406982422,6.572082042694092,17.858503341674805,11.0,6.0,18.0,91.99880075454712
10.396470069885254,6.283698081970215,17.88371467590332,11.0,6.0,18.0,92.24350047111511
10.80952262878418,6.061038970947266,17.907817840576172,11.0,6.0,18.0,92.50313878059387
11.096692085266113,5.902576923370361,17.929636001586914,11.0,6.0,18.0,92.74334120750427
11.285028457641602,5.796435832977295,17.948028564453125,11.0,6.0,18.0,92.98949551582336
11.378491401672363,5.742763519287109,17.95958709716797,11.0,6.0,18.0,93.19682717323303
11.439884185791016,5.7076945304870605,17.97012710571289,11.0,6.0,18.0,93.44978737831116
11.454216957092285,5.701780796051025,17.97739601135254,11.0,6.0,18.0,93.67977929115295
11.44104290008545,5.7128143310546875,17.981678009033203,11.0,6.0,18.0,93.88054847717285
11.412433624267578,5.734147548675537,17.984838485717773,11.0,6.0,18.0,94.08486437797546
11.373396873474121,5.7622785568237305,17.987340927124023,11.0,6.0,18.0,94.2951066493988
11.315439224243164,5.803341388702393,17.98983383178711,11.0,6.0,18.0,94.55689740180969
11.253135681152344,5.8472185134887695,17.99178695678711,11.0,6.0,18.0,94.78838539123535
11.2028169631958,5.882819175720215,17.993120193481445,11.0,6.0,18.0,94.99214100837708
11.141539573669434,5.925364017486572,17.994863510131836,11.0,6.0,18.0,95.23934578895569
11.086307525634766,5.963709831237793,17.996370315551758,11.0,6.0,18.0,95.49194407463074
11.038321495056152,5.9964752197265625,17.997522354125977,11.0,6.0,18.0,95.73907494544983
10.998909950256348,6.022523403167725,17.99825668334961,11.0,6.0,18.0,95.99492812156677
10.973103523254395,6.038512229919434,17.99712371826172,0.0,0.0,15.0,96.19943737983704
10.938885688781738,6.043181419372559,17.975797653198242,0.0,0.0,15.0,96.40069365501404
10.836374282836914,6.010017395019531,17.89531898498535,0.0,0.0,15.0,96.63044166564941
10.670990943908691,5.934101104736328,17.782638549804688,0.0,0.0,15.0,96.84992671012878
10.340261459350586,5.766226768493652,17.577816009521484,0.0,0.0,15.0,97.07933759689331
9.977444648742676,5.573415279388428,17.363855361938477,0.0,0.0,15.0,97.28209066390991
9.53258228302002,5.331673622131348,17.107440948486328,0.0,0.0,15.0,97.50079727172852
8.859380722045898,4.95974588394165,16.7332820892334,0.0,0.0,15.0,97.75391054153442
8.042275428771973,4.502788543701172,16.347503662109375,0.0,0.0,15.0,97.97540879249573
7.276703357696533,4.07200813293457,16.074020385742188,0.0,0.0,15.0,98.19325923919678
6.208337306976318,3.4689996242523193,15.797754287719727,0.0,0.0,15.0,98.44305396080017
5.311590671539307,2.962939977645874,15.632122039794922,0.0,0.0,15.0,98.64887714385986
4.207791805267334,2.341454029083252,15.484683990478516,0.0,0.0,15.0,98.89320063591003
3.178859233856201,1.7646547555923462,15.384234428405762,0.0,0.0,15.0,99.14673233032227
2.441138982772827,1.3542025089263916,15.326713562011719,0.0,0.0,15.0,99.36350345611572
1.648166537284851,0.917401134967804,15.274979591369629,0.0,0.0,15.0,99.59540843963623
1.1071571111679077,0.6230196356773376,15.2431001663208,0.0,0.0,15.0,99.79786944389343
0.5472906827926636,0.321964830160141,15.209275245666504,0.0,0.0,15.0,100.04759240150452
0.11949150264263153,0.09523383527994156,15.178682327270508,0.0,0.0,15.0,100.28840470314026
-0.17908433079719543,-0.060288239270448685,15.149702072143555,0.0,0.0,15.0,100.5557029247284
-0.3703369200229645,-0.15768194198608398,15.122458457946777,0.0,0.0,15.0,100.78482365608215
-0.47854501008987427,-0.21065987646579742,15.097644805908203,0.0,0.0,15.0,101.0371162891388
-0.523009181022644,-0.2321338802576065,15.075820922851562,0.0,0.0,15.0,101.31430149078369
-0.5198079943656921,-0.23177005350589752,15.057745933532715,0.0,0.0,15.0,101.54579257965088
-0.4832305610179901,-0.21671774983406067,15.043574333190918,0.0,0.0,15.0,101.7999951839447
-0.42542463541030884,-0.19220077991485596,15.032876968383789,0.0,0.0,15.0,102.04638051986694
-0.35499686002731323,-0.16227856278419495,15.02505111694336,0.0,0.0,15.0,102.29504084587097
-0.2789064645767212,-0.13061034679412842,15.019400596618652,0.0,0.0,15.0,102.54392409324646
-0.20278115570545197,-0.09878136962652206,15.015226364135742,0.0,0.0,15.0,102.79674410820007
-0.1313987821340561,-0.06871233135461807,15.012008666992188,0.0,0.0,15.0,103.04065036773682
-0.06765907257795334,-0.04125969111919403,15.00955867767334,0.0,0.0,15.0,103.27986216545105
-0.023178905248641968,-0.02235270105302334,15.007989883422852,0.0,0.0,15.0,103.50316023826599
0.0227650236338377,-0.0023929188027977943,15.006275177001953,0.0,0.0,15.0,103.75123000144958
0.05821340158581734,0.013559787534177303,15.004875183105469,0.0,0.0,15.0,103.981525182724
0.08529722690582275,0.026765916496515274,15.00741195678711,3.0,5.0,17.0,104.23985505104065
0.1117996945977211,0.054762642830610275,15.034538269042969,3.0,5.0,17.0,104.45683026313782
0.18942472338676453,0.1717267483472824,15.122481346130371,3.0,5.0,17.0,104.69167470932007
0.3099720776081085,0.3678828477859497,15.242018699645996,3.0,5.0,17.0,104.89582109451294
0.5362465977668762,0.7472139000892639,15.4552640914917,3.0,5.0,17.0,105.14488768577576
0.8323848247528076,1.2535394430160522,15.731893539428711,3.0,5.0,17.0,105.3969497680664
1.158516526222229,1.8154666423797607,16.019676208496094,3.0,5.0,17.0,105.66740870475769
1.4710661172866821,2.358088254928589,16.26502799987793,3.0,5.0,17.0,105.88955330848694
1.7003438472747803,2.7570972442626953,16.41880989074707,3.0,5.0,17.0,106.11468195915222
1.955666422843933,3.2006919384002686,16.55864143371582,3.0,5.0,17.0,106.33393931388855
2.134976625442505,3.509249210357666,16.636079788208008,3.0,5.0,17.0,106.53468227386475
2.2927045822143555,3.7774224281311035,16.69118881225586,3.0,5.0,17.0,106.75662684440613
2.461164951324463,4.060024261474609,16.740009307861328,3.0,5.0,17.0,107.00151634216309
2.601714611053467,4.289958953857422,16.77645492553711,3.0,5.0,17.0,107.25211477279663
2.7181923389434814,4.478250026702881,16.807863235473633,3.0,5.0,17.0,107.50233173370361
2.7947702407836914,4.6021270751953125,16.831562042236328,3.0,5.0,17.0,107.71684837341309
2.8718533515930176,4.728747367858887,16.85964012145996,3.0,5.0,17.0,107.9510452747345
2.9326581954956055,4.828739166259766,16.885828018188477,3.0,5.0,17.0,108.20417857170105
2.970679521560669,4.892496109008789,16.904624938964844,3.0,5.0,17.0,108.40814971923828
3.006991147994995,4.954410076141357,16.92499351501465,3.0,5.0,17.0,108.64350652694702
3.0273756980895996,4.9918599128723145,16.93840980529785,3.0,5.0,17.0,108.84621477127075
3.0435101985931396,5.026066780090332,16.951820373535156,3.0,5.0,17.0,109.09961223602295
3.0503990650177,5.044374942779541,16.96025276184082,3.0,5.0,17.0,109.30624222755432
3.0528457164764404,5.055735111236572,16.966922760009766,3.0,5.0,17.0,109.50785422325134
3.0510003566741943,5.0623459815979,16.973663330078125,3.0,5.0,17.0,109.75972270965576
3.047295093536377,5.062341213226318,16.978065490722656,3.0,5.0,17.0,109.97158789634705
3.0399608612060547,5.057841777801514,16.98250961303711,3.0,5.0,17.0,110.20583891868591
3.031895160675049,5.050015926361084,16.986331939697266,3.0,5.0,17.0,110.46060967445374
3.022827386856079,5.040892124176025,16.989418029785156,3.0,5.0,17.0,110.70679235458374
3.0154972076416016,5.0333027839660645,16.991561889648438,3.0,5.0,17.0,110.90774154663086
3.0065133571624756,5.024739742279053,16.99376106262207,3.0,5.0,17.0,111.15948748588562
2.9984333515167236,5.016966342926025,16.9953670501709,3.0,5.0,17.0,111.4064314365387
2.9927968978881836,5.010921478271484,16.99630355834961,3.0,5.0,17.0,111.6106014251709
2.987126588821411,5.004369735717773,16.9974365234375,3.0,5.0,17.0,111.84752368927002
2.9831385612487793,5.000446796417236,16.998245239257812,-1.0,12.0,16.0,112.06142473220825
2.976746082305908,5.0013227462768555,16.9898738861084,-1.0,12.0,16.0,112.29472994804382
2.9559288024902344,5.031780242919922,16.949525833129883,-1.0,12.0,16.0,112.5057053565979
2.8798954486846924,5.1577935218811035,16.84177589416504,-1.0,12.0,16.0,112.7354371547699
2.763726234436035,5.355668067932129,16.72246551513672,-1.0,12.0,16.0,112.94155550003052
2.541163921356201,5.7384138107299805,16.565895080566406,-1.0,12.0,16.0,113.20945262908936
2.2354202270507812,6.266473293304443,16.426847457885742,-1.0,12.0,16.0,113.45464658737183
1.9323786497116089,6.791884899139404,16.33710289001465,-1.0,12.0,16.0,113.65890645980835
1.5012075901031494,7.540794372558594,16.254634857177734,-1.0,12.0,16.0,113.90668630599976
1.059138536453247,8.311074256896973,16.19881248474121,-1.0,12.0,16.0,114.1379041671753
0.7235819697380066,8.898797035217285,16.166439056396484,-1.0,12.0,16.0,114.3607919216156
0.3515835106372833,9.556722640991211,16.13617706298828,-1.0,12.0,16.0,114.61292386054993
0.03758011758327484,10.119988441467285,16.113767623901367,-1.0,12.0,16.0,114.84762907028198
-0.22106990218162537,10.592647552490234,16.096769332885742,-1.0,12.0,16.0,115.09490656852722
-0.3918779492378235,10.911516189575195,16.085426330566406,-1.0,12.0,16.0,115.30933022499084
-0.5656737685203552,11.242106437683105,16.07255744934082,-1.0,12.0,16.0,115.56202864646912
-0.7025094628334045,11.507018089294434,16.060590744018555,-1.0,12.0,16.0,115.7888810634613
-0.7902703881263733,11.678080558776855,16.051616668701172,-1.0,12.0,16.0,116.00939917564392
-0.87468421459198,11.844029426574707,16.04161262512207,-1.0,12.0,16.0,116.27372336387634
-0.93678218126297,11.964802742004395,16.03304100036621,-1.0,12.0,16.0,116.48718667030334
-0.9726640582084656,12.033243179321289,16.027301788330078,-1.0,12.0,16.0,116.69327998161316
-0.9991086721420288,12.079800605773926,16.02250862121582,-1.0,12.0,16.0,116.9090485572815
-1.017208456993103,12.108339309692383,16.018484115600586,-1.0,12.0,16.0,117.10983514785767
-1.0313640832901,12.12414836883545,16.01439094543457,-1.0,12.0,16.0,117.3460431098938
-1.0376746654510498,12.123373985290527,16.011186599731445,-1.0,12.0,16.0,117.59658694267273
-1.0377449989318848,12.111222267150879,16.008699417114258,-1.0,12.0,16.0,117.84899353981018
-1.0342741012573242,12.092281341552734,16.00666046142578,-1.0,12.0,16.0,118.09951853752136
-1.0302178859710693,12.074417114257812,16.00528907775879,-1.0,12.0,16.0,118.30152559280396
-1.0245869159698486,12.050490379333496,16.00386619567871,-1.0,12.0,16.0,118.55089735984802
-1.0189876556396484,12.026759147644043,16.002857208251953,-1.0,12.0,16.0,118.814688205719
-1.012819766998291,12.005179405212402,16.002254486083984,-1.0,12.0,16.0,119.05170226097107
-1.0073065757751465,11.98568058013916,16.001800537109375,-1.0,12.0,16.0,119.29825448989868
-1.0028237104415894,11.97231388092041,16.001558303833008,-1.0,12.0,16.0,119.50214743614197
-0.9976820945739746,11.959426879882812,16.001388549804688,-1.0,12.0,16.0,119.75376963615417
-0.9929348826408386,11.949946403503418,16.001333236694336,11.0,6.0,18.0,120.00294470787048
-0.9864692091941833,11.942383766174316,16.00588607788086,11.0,6.0,18.0,120.25415468215942
-0.9574371576309204,11.926477432250977,16.036832809448242,11.0,6.0,18.0,120.4558093547821
-0.8270260095596313,11.860944747924805,16.130340576171875,11.0,6.0,18.0,120.70818781852722
-0.5430806875228882,11.720229148864746,16.29361915588379,11.0,6.0,18.0,120.95762991905212
-0.2041025161743164,11.553272247314453,16.475669860839844,11.0,6.0,18.0,121.17063188552856
0.3460147976875305,11.282783508300781,16.754579544067383,11.0,6.0,18.0,121.39472651481628
0.8748939633369446,11.023677825927734,16.98137855529785,11.0,6.0,18.0,121.61447548866272
1.6384471654891968,10.650736808776855,17.228816986083984,11.0,6.0,18.0,121.85853481292725
2.526958703994751,10.2161283493042,17.422103881835938,11.0,6.0,18.0,122.10783815383911
3.540525197982788,9.719630241394043,17.560016632080078,11.0,6.0,18.0,122.35698962211609
4.648538112640381,9.176169395446777,17.654748916625977,11.0,6.0,18.0,122.61245942115784
5.789492130279541,8.615326881408691,17.718982696533203,11.0,6.0,18.0,122.86196279525757
6.892408847808838,8.070318222045898,17.76224136352539,11.0,6.0,18.0,123.11155724525452
7.7012739181518555,7.667447090148926,17.78717613220215,11.0,6.0,18.0,123.31349802017212
8.588719367980957,7.22003173828125,17.813390731811523,11.0,6.0,18.0,123.54046678543091
9.199328422546387,6.907608509063721,17.833494186401367,11.0,6.0,18.0,123.76512956619263
9.847804069519043,6.571321964263916,17.85938262939453,11.0,6.0,18.0,124.01552772521973
10.366605758666992,6.297892093658447,17.88525390625,11.0,6.0,18.0,124.26138496398926
10.753418922424316,6.089918613433838,17.909833908081055,11.0,6.0,18.0,124.51317167282104
11.024181365966797,5.941076755523682,17.931758880615234,11.0,6.0,18.0,124.76152205467224
11.205141067504883,5.840090751647949,17.94942283630371,11.0,6.0,18.0,125.01343631744385
11.316667556762695,5.7769856452941895,17.962566375732422,11.0,6.0,18.0,125.26436853408813
11.373558044433594,5.746076583862305,17.971782684326172,11.0,6.0,18.0,125.49343466758728
11.388459205627441,5.7397661209106445,17.976930618286133,11.0,6.0,18.0,125.7069342136383
11.378957748413086,5.749729633331299,17.981786727905273,11.0,6.0,18.0,125.97244596481323
11.34672737121582,5.773745059967041,17.985414505004883,11.0,6.0,18.0,126.19191455841064
11.310615539550781,5.799577713012695,17.987783432006836,11.0,6.0,18.0,126.41286158561707
11.269218444824219,5.829373359680176,17.989749908447266,11.0,6.0,18.0,126.6132960319519
11.224753379821777,5.861461639404297,17.991342544555664,11.0,6.0,18.0,126.81766557693481
11.168652534484863,5.901888847351074,17.993183135986328,11.0,6.0,18.0,127.05173516273499
11.125622749328613,5.932819843292236,17.994552612304688,11.0,6.0,18.0,127.25315403938293
11.076351165771484,5.967796325683594,17.995975494384766,11.0,6.0,18.0,127.4910261631012
11.041681289672852,5.992278099060059,17.996864318847656,11.0,6.0,18.0,127.691978931427
11.01176643371582,6.013124942779541,17.9975643157959,11.0,6.0,18.0,127.90534663200378
10.986559867858887,6.030467987060547,17.997995376586914,0.0,0.0,15.0,128.1117811203003
10.95164680480957,6.0421295166015625,17.982162475585938,0.0,0.0,15.0,128.363765001297
10.864190101623535,6.017123699188232,17.9116153717041,0.0,0.0,15.0,128.61224818229675
10.715447425842285,5.9505228996276855,17.807525634765625,0.0,0.0,15.0,128.81359887123108
10.409652709960938,5.798493385314941,17.61492347717285,0.0,0.0,15.0,129.063951253891
10.06713581085205,5.619147300720215,17.41069984436035,0.0,0.0,15.0,129.26850581169128
9.519455909729004,5.322904586791992,17.09442901611328,0.0,0.0,15.0,129.50817489624023
8.837491035461426,4.946892738342285,16.71884536743164,0.0,0.0,15.0,129.74227237701416
8.187257766723633,4.583914279937744,16.40972137451172,0.0,0.0,15.0,129.95530200004578
7.439909934997559,4.1635637283325195,16.1314754486084,0.0,0.0,15.0,130.15760779380798
6.38207483291626,3.5663676261901855,15.846527099609375,0.0,0.0,15.0,130.40961146354675
5.25535249710083,2.9285144805908203,15.637142181396484,0.0,0.0,15.0,130.65638875961304
4.369276523590088,2.4276251792907715,15.519328117370605,0.0,0.0,15.0,130.85746788978577
3.5297584533691406,1.9551078081130981,15.432424545288086,0.0,0.0,15.0,131.06447672843933
2.589547872543335,1.4299184083938599,15.3527250289917,0.0,0.0,15.0,131.31587481498718
1.9356756210327148,1.0690772533416748,15.305621147155762,0.0,0.0,15.0,131.52016496658325
1.2372061014175415,0.6885905265808105,15.259200096130371,0.0,0.0,15.0,131.74572730064392
0.771021842956543,0.43854057788848877,15.22812557220459,0.0,0.0,15.0,131.97726678848267
0.3070385754108429,0.1937808394432068,15.193608283996582,0.0,0.0,15.0,132.1928780078888
0.02818857692182064,0.04968943074345589,15.168195724487305,0.0,0.0,15.0,132.40989232063293
-0.21904434263706207,-0.07483899593353271,15.138710021972656,0.0,0.0,15.0,132.67627024650574
-0.3713148236274719,-0.1497572362422943,15.112082481384277,0.0,0.0,15.0,132.91220927238464
-0.4526079595088959,-0.18953339755535126,15.08849811553955,0.0,0.0,15.0,133.1490833759308
-0.4796246588230133,-0.2031000852584839,15.068512916564941,0.0,0.0,15.0,133.40646314620972
-0.46700209379196167,-0.19837766885757446,15.052375793457031,0.0,0.0,15.0,133.65544724464417
-0.4271366000175476,-0.18228138983249664,15.039934158325195,0.0,0.0,15.0,133.90932273864746
-0.3699977993965149,-0.15977738797664642,15.030588150024414,0.0,0.0,15.0,134.16104817390442
-0.3032386600971222,-0.13366708159446716,15.023726463317871,0.0,0.0,15.0,134.4036889076233
-0.24613988399505615,-0.1114453375339508,15.019556045532227,0.0,0.0,15.0,134.61927103996277
-0.18956197798252106,-0.0892985612154007,15.01620101928711,0.0,0.0,15.0,134.8211271762848
-0.1219613179564476,-0.06284979730844498,15.012906074523926,0.0,0.0,15.0,135.06369400024414
-0.06110689043998718,-0.03874797746539116,15.010254859924316,0.0,0.0,15.0,135.31416201591492
-0.0096335643902421,-0.017534960061311722,15.008049964904785,0.0,0.0,15.0,135.54942774772644
0.024595892056822777,-0.002678768942132592,15.006627082824707,0.0,0.0,15.0,135.770281791687
0.05863320454955101,0.012414257042109966,15.00525188446045,3.0,5.0,17.0,136.00833797454834
0.07967640459537506,0.022390564903616905,15.006404876708984,3.0,5.0,17.0,136.21889209747314
0.11338278651237488,0.05735964700579643,15.039754867553711,3.0,5.0,17.0,136.4472692012787
0.17382198572158813,0.14805778861045837,15.109128952026367,3.0,5.0,17.0,136.64787483215332
0.2872312366962433,0.3317880928516388,15.223305702209473,3.0,5.0,17.0,136.86150646209717
0.4553169906139374,0.6117331385612488,15.382421493530273,3.0,5.0,17.0,137.0640091896057
0.6734059453010559,0.9810149073600769,15.585984230041504,3.0,5.0,17.0,137.26637864112854
0.9886230230331421,1.521133303642273,15.874091148376465,3.0,5.0,17.0,137.5179717540741
1.2461766004562378,1.9667673110961914,16.091373443603516,3.0,5.0,17.0,137.71838545799255
1.5496057271957397,2.4936907291412354,16.317617416381836,3.0,5.0,17.0,137.98121643066406
1.8215402364730835,2.9661710262298584,16.485565185546875,3.0,5.0,17.0,138.21946120262146
2.058605670928955,3.375312328338623,16.600616455078125,3.0,5.0,17.0,138.45785665512085
2.2234694957733154,3.657409191131592,16.664016723632812,3.0,5.0,17.0,138.65853333473206
2.3686981201171875,3.903226137161255,16.710643768310547,3.0,5.0,17.0,138.8646810054779
2.5221269130706787,4.159475326538086,16.753833770751953,3.0,5.0,17.0,139.10669445991516
2.626201868057251,4.330465793609619,16.782180786132812,3.0,5.0,17.0,139.32685446739197
2.735300302505493,4.508945941925049,16.81409454345703,3.0,5.0,17.0,139.56048393249512
2.8240840435028076,4.653451442718506,16.84384536743164,3.0,5.0,17.0,139.81442666053772
2.895522117614746,4.768709659576416,16.871458053588867,3.0,5.0,17.0,140.06825160980225
2.9409475326538086,4.843125343322754,16.8916072845459,3.0,5.0,17.0,140.26846265792847
2.9846789836883545,4.916868686676025,16.91362953186035,3.0,5.0,17.0,140.50549364089966
3.015242099761963,4.972452163696289,16.932031631469727,3.0,5.0,17.0,140.75654411315918
3.031902313232422,5.0055766105651855,16.944063186645508,3.0,5.0,17.0,140.97287726402283
3.0440351963043213,5.034294128417969,16.95594024658203,3.0,5.0,17.0,141.20564770698547
3.049051523208618,5.051173210144043,16.96492576599121,3.0,5.0,17.0,141.4606578350067
3.0486249923706055,5.058331489562988,16.970722198486328,3.0,5.0,17.0,141.6669569015503
3.0443644523620605,5.06063175201416,16.97664451599121,3.0,5.0,17.0,141.91380095481873
3.03741192817688,5.057403087615967,16.981412887573242,3.0,5.0,17.0,142.1659505367279
3.0289785861968994,5.050528526306152,16.98549461364746,3.0,5.0,17.0,142.4180920124054
3.020242214202881,5.040938377380371,16.98879623413086,3.0,5.0,17.0,142.6680817604065
3.0129001140594482,5.033278942108154,16.99105453491211,3.0,5.0,17.0,142.8740382194519
3.004305362701416,5.023940563201904,16.993406295776367,3.0,5.0,17.0,143.1124095916748
2.996302366256714,5.016084671020508,16.99508285522461,3.0,5.0,17.0,143.37602758407593
2.989607810974121,5.009176254272461,16.996257781982422,3.0,5.0,17.0,143.5985860824585
2.9850521087646484,5.004737854003906,16.997159957885742,3.0,5.0,17.0,143.8126928806305
2.9813339710235596,5.001372337341309,16.997957229614258,-1.0,12.0,16.0,144.02065563201904
2.9774396419525146,4.999610424041748,16.99486541748047,-1.0,12.0,16.0,144.26853466033936
2.964141845703125,5.018445014953613,16.96577262878418,-1.0,12.0,16.0,144.49372506141663
2.904989004135132,5.116899490356445,16.873544692993164,-1.0,12.0,16.0,144.71103024482727
2.8040597438812256,5.288814067840576,16.759490966796875,-1.0,12.0,16.0,144.91330862045288
2.5994296073913574,5.639681816101074,16.599811553955078,-1.0,12.0,16.0,145.1590702533722
2.3750417232513428,6.025296211242676,16.481199264526367,-1.0,12.0,16.0,145.3645577430725
2.0204713344573975,6.636771202087402,16.3579158782959,-1.0,12.0,16.0,145.61880254745483
1.6020655632019043,7.359729290008545,16.26939582824707,-1.0,12.0,16.0,145.8664927482605
1.2497068643569946,7.971331596374512,16.21962547302246,-1.0,12.0,16.0,146.07067465782166
0.8234900236129761,8.715973854064941,16.175363540649414,-1.0,12.0,16.0,146.31970047950745
0.44292405247688293,9.38813304901123,16.143550872802734,-1.0,12.0,16.0,146.5576686859131
0.18035607039928436,9.857662200927734,16.1243839263916,-1.0,12.0,16.0,146.76759004592896
-0.09983440488576889,10.36689567565918,16.105436325073242,-1.0,12.0,16.0,147.01525211334229
-0.28909817337989807,10.716705322265625,16.09270477294922,-1.0,12.0,16.0,147.22844171524048
-0.48290592432022095,11.0814790725708,16.07865333557129,-1.0,12.0,16.0,147.47671103477478
-0.6097809076309204,11.323969841003418,16.068199157714844,-1.0,12.0,16.0,147.67921090126038
-0.7373826503753662,11.571712493896484,16.056127548217773,-1.0,12.0,16.0,147.90092015266418
-0.8180086612701416,11.729211807250977,16.047466278076172,-1.0,12.0,16.0,148.10655450820923
-0.8822887539863586,11.853856086730957,16.039831161499023,-1.0,12.0,16.0,148.32259798049927
-0.9429450631141663,11.969352722167969,16.031715393066406,-1.0,12.0,16.0,148.55319952964783
-0.9784883856773376,12.034729957580566,16.026348114013672,-1.0,12.0,16.0,148.75442337989807
-1.0048611164093018,12.08066463470459,16.021780014038086,-1.0,12.0,16.0,148.9612476825714
-1.0272492170333862,12.114636421203613,16.01714515686035,-1.0,12.0,16.0,149.2040421962738
-1.0378690958023071,12.126090049743652,16.01411247253418,-1.0,12.0,16.0,149.42433428764343
-1.0434634685516357,12.126785278320312,16.011516571044922,-1.0,12.0,16.0,149.62583661079407
-1.045000672340393,12.11641788482666,16.008872985839844,-1.0,12.0,16.0,149.87756180763245
-1.043054461479187,12.102167129516602,16.00720977783203,-1.0,12.0,16.0,150.07770419120789
-1.037971019744873,12.08017635345459,16.00539207458496,-1.0,12.0,16.0,150.32233119010925
-1.0315688848495483,12.056164741516113,16.0040283203125,-1.0,12.0,16.0,150.55341696739197
-1.0257058143615723,12.036883354187012,16.003210067749023,-1.0,12.0,16.0,150.75455570220947
-1.0194196701049805,12.018529891967773,16.002580642700195,-1.0,12.0,16.0,151.01030659675598
-1.012091875076294,11.998342514038086,16.002046585083008,-1.0,12.0,16.0,151.22781920433044
-1.004974603652954,11.980341911315918,16.00174903869629,-1.0,12.0,16.0,151.46313548088074
-0.99876868724823,11.966318130493164,16.00150489807129,-1.0,12.0,16.0,151.71538591384888
-0.9936469197273254,11.95652961730957,16.001380920410156,-1.0,12.0,16.0,151.97285103797913
-0.9880580306053162,11.94973087310791,16.00370979309082,11.0,6.0,18.0,152.2254819869995
-0.9527355432510376,11.929463386535645,16.04046630859375,11.0,6.0,18.0,152.47569298744202
-0.8139540553092957,11.858235359191895,16.13768196105957,11.0,6.0,18.0,152.7105095386505
-0.5932942628860474,11.747182846069336,16.265060424804688,11.0,6.0,18.0,152.92488384246826
-0.272772878408432,11.587480545043945,16.438749313354492,11.0,6.0,18.0,153.13514471054077
0.2574843466281891,11.32471752166748,16.71230697631836,11.0,6.0,18.0,153.37616968154907
0.9130443334579468,11.001338958740234,16.998043060302734,11.0,6.0,18.0,153.6271345615387
1.5224454402923584,10.702170372009277,17.20171356201172,11.0,6.0,18.0,153.82769346237183
2.392998218536377,10.275861740112305,17.40700912475586,11.0,6.0,18.0,154.07867431640625
3.385226249694824,9.78902530670166,17.554767608642578,11.0,6.0,18.0,154.3038580417633
4.254323959350586,9.361530303955078,17.638957977294922,11.0,6.0,18.0,154.5168011188507
5.161573886871338,8.914416313171387,17.700435638427734,11.0,6.0,18.0,154.7193477153778
6.072837829589844,8.464517593383789,17.744470596313477,11.0,6.0,18.0,154.9261724948883
6.949366569519043,8.030582427978516,17.77554702758789,11.0,6.0,18.0,155.1278693675995
7.764780521392822,7.625443458557129,17.7982120513916,11.0,6.0,18.0,155.33076429367065
8.670693397521973,7.17237663269043,17.821298599243164,11.0,6.0,18.0,155.56679844856262
9.294600486755371,6.857115268707275,17.839195251464844,11.0,6.0,18.0,155.778968334198
